sample,group,fps,duration_s,frames_counted,fields,cells_counted,um_per_px,conc,ci_lo,ci_hi,conc_raw,a,b,c,d,PR,NP,IM,TM,VCL,VSL,VAP,LIN,STR,WOB,ALH,BCF,tracks,debris_tracks,p_conc,p_PR,p_TM,debris_effect_pct,ci_halfwidth_pct
p1,pilot,24.990,51.386,273,15,16042,0.327,38.634,36.269,41.000,51.473,34.409,33.431,13.645,18.516,67.839,13.645,18.516,81.484,44.413,22.222,25.583,0.489,0.826,0.574,2.121,6.217,1374,365,27.195,84.074,87.726,-24.943,6.124
p2,pilot,24.980,54.556,253,19,44667,0.327,112.819,107.142,118.496,152.486,11.346,44.640,21.783,22.231,55.986,21.783,22.231,77.769,29.662,15.785,18.948,0.503,0.771,0.630,1.401,6.039,4181,1218,75.755,53.081,82.153,-26.014,5.032
p3,pilot,25.000,47.681,234,16,8800,0.327,24.460,21.229,27.691,40.381,0.052,8.542,21.823,69.583,8.593,21.823,69.583,30.417,20.850,5.029,8.805,0.276,0.543,0.446,1.158,5.879,931,544,12.636,-1.000,-1.000,-39.427,13.210
p4,pilot,25.000,50.685,234,18,18617,0.327,52.371,49.525,55.217,86.429,9.785,37.756,16.218,36.241,47.541,16.218,36.241,63.759,30.985,16.476,19.527,0.523,0.801,0.630,1.457,5.897,2065,1185,38.643,31.352,49.330,-39.406,5.434
p5,pilot,24.980,49.917,201,16,9394,0.327,29.880,27.911,31.849,43.655,15.255,44.470,8.899,31.376,59.725,8.899,31.376,68.624,40.144,19.012,21.620,0.478,0.851,0.550,1.907,6.600,1131,434,18.443,64.766,62.846,-31.556,6.589
p6,pilot,25.000,48.649,252,22,74773,0.327,187.804,177.756,197.852,208.166,15.117,65.641,15.558,3.684,80.759,15.558,3.684,96.316,43.796,17.840,24.262,0.412,0.718,0.560,2.123,6.119,6285,448,92.596,97.349,101.000,-9.782,5.350
p7,pilot,24.990,47.381,208,16,30939,0.327,96.802,92.335,101.268,111.507,30.524,44.027,16.734,8.715,74.551,16.734,8.715,91.285,41.966,20.582,24.138,0.491,0.799,0.578,1.915,6.659,3205,369,67.501,92.959,96.606,-13.188,4.614
s01,main,25.000,29.560,230,4,69972,0.327,182.197,168.565,195.830,277.993,15.478,28.113,42.854,13.555,43.591,42.854,13.555,86.445,31.206,16.939,19.998,0.477,0.730,0.609,1.371,6.723,4993,2169,91.928,22.651,92.461,-34.460,7.482
s02,main,24.980,82.588,570,12,11183,0.330,8.998,4.839,13.158,31.599,0.403,44.740,4.113,50.744,45.143,4.113,50.744,49.256,10.600,7.539,7.877,0.808,0.975,0.816,0.433,6.656,1021,2276,-1.000,25.358,14.230,-71.524,46.226
s03,main,24.980,48.082,366,2,2733,0.327,3.955,1.753,6.157,28.922,0.000,10.452,3.810,85.738,10.452,3.810,85.738,14.262,15.107,8.384,9.153,0.578,0.914,0.614,0.882,5.651,113,771,-1.000,-1.000,-1.000,-86.326,55.682
s05,main,24.990,60.863,498,2,82636,0.327,105.439,97.648,113.231,162.792,20.208,26.846,46.661,6.286,47.053,46.661,6.286,93.714,35.295,20.266,24.892,0.528,0.721,0.689,1.477,6.234,3969,1380,72.409,30.133,101.000,-35.231,7.389
s06,main,24.400,51.017,395,2,23248,0.327,38.504,37.485,39.523,57.932,13.567,28.431,40.556,17.446,41.998,40.556,17.446,82.554,38.447,18.262,21.820,0.450,0.765,0.569,1.880,6.085,880,415,27.087,19.997,89.331,-33.535,2.647
s08,main,22.610,56.821,340,9,3884,0.327,7.008,5.691,8.324,86.293,0.516,7.021,8.626,83.837,7.537,8.626,83.837,16.163,16.821,8.869,9.496,0.584,0.923,0.614,1.074,6.202,264,2952,-1.000,-1.000,-1.000,-91.879,18.787
s09,main,25.000,51.519,408,4,132537,0.327,204.354,177.147,231.561,261.596,27.695,51.080,20.326,0.899,78.775,20.326,0.899,99.101,52.722,20.994,29.379,0.384,0.678,0.548,2.445,6.316,10851,1866,94.566,96.109,101.000,-21.882,13.314
s10,main,24.990,52.854,412,4,144348,0.327,226.220,171.695,280.745,251.632,26.495,58.779,13.724,1.001,85.274,13.724,1.001,98.999,43.939,20.028,26.522,0.454,0.726,0.605,2.007,6.267,11962,731,95.990,101.000,101.000,-10.099,24.103
s11,main,25.000,48.682,389,3,71204,0.327,123.371,109.350,137.391,134.832,59.920,25.669,13.387,1.025,85.588,13.387,1.025,98.975,48.526,30.427,35.185,0.622,0.836,0.728,1.858,6.727,5635,261,78.581,101.000,101.000,-8.500,11.365
s13,main,24.990,44.778,343,3,48784,0.327,92.656,84.127,101.185,113.659,11.302,35.518,41.300,11.880,46.820,41.300,11.880,88.120,30.558,17.214,19.798,0.537,0.799,0.643,1.365,6.480,2261,442,65.145,29.549,93.657,-18.479,9.205
s15,main,25.000,63.166,515,2,88158,0.327,111.041,108.158,113.925,132.365,32.081,31.519,30.460,5.940,63.600,30.460,5.940,94.060,28.888,21.279,23.035,0.699,0.864,0.780,1.078,6.643,4882,645,75.279,76.125,101.000,-16.110,2.597
s17,main,23.780,49.081,365,5,49554,0.327,90.603,81.147,100.060,143.597,23.111,31.822,38.249,6.817,54.934,38.249,6.817,93.183,43.101,20.467,24.699,0.452,0.763,0.573,2.115,6.018,3334,1450,63.979,49.834,101.000,-36.904,10.437
s18,main,23.710,56.356,400,6,6439,0.327,10.612,8.986,12.238,19.838,0.061,8.306,4.176,87.457,8.367,4.176,87.457,12.543,19.376,12.299,14.304,0.622,0.848,0.723,0.845,5.515,236,300,-1.000,-1.000,-1.000,-46.507,15.322
s19,main,24.110,53.086,365,8,18992,0.327,33.973,27.238,40.709,263.663,4.257,24.604,26.255,44.884,28.861,26.255,44.884,55.116,20.377,11.556,13.592,0.535,0.780,0.664,1.094,6.175,1204,6390,22.829,4.525,25.323,-87.115,19.826
s21,main,24.990,39.171,293,4,69284,0.327,154.364,135.140,173.587,175.688,39.601,38.748,20.156,1.494,78.349,20.156,1.494,98.506,50.167,24.678,30.645,0.475,0.759,0.605,2.177,6.750,5288,393,86.883,95.843,101.000,-12.137,12.453
s22,main,25.000,41.274,259,7,5558,0.327,13.410,11.703,15.117,60.465,7.795,25.227,13.254,53.725,33.022,13.254,53.725,46.275,37.577,15.737,20.059,0.431,0.771,0.541,1.886,6.116,496,1718,3.705,7.518,9.275,-77.821,12.728
s23,main,24.980,68.405,456,11,7890,0.327,11.324,9.652,12.996,47.298,0.000,4.594,8.357,87.049,4.594,8.357,87.049,12.951,15.090,10.206,11.049,0.586,0.863,0.678,0.618,6.994,331,1286,2.662,-1.000,-1.000,-76.058,14.764
s24,main,24.990,59.028,456,5,64335,0.327,94.333,83.649,105.017,137.502,13.401,27.118,42.945,16.536,40.519,42.945,16.536,83.464,27.009,17.231,20.076,0.579,0.772,0.721,1.147,6.071,2902,1131,66.098,17.532,90.332,-31.395,11.326
s25,main,24.990,53.788,414,5,17393,0.327,26.958,25.291,28.626,80.649,0.469,3.230,16.197,80.104,3.699,16.197,80.104,19.896,13.509,6.872,8.412,0.423,0.661,0.580,0.675,6.593,395,1203,15.313,-1.000,-1.000,-66.573,6.187
s27,main,24.990,39.372,328,1,47086,0.327,97.448,,,157.849,17.509,40.270,37.843,4.378,57.779,37.843,4.378,95.622,34.515,18.297,23.184,0.510,0.740,0.667,1.506,6.384,2379,1061,67.868,58.683,101.000,-38.265,
s28,main,24.990,60.396,465,5,29147,0.327,40.384,38.103,42.665,50.012,35.123,31.095,19.548,14.234,66.218,19.548,14.234,85.766,42.804,25.062,27.616,0.590,0.880,0.656,1.815,6.885,1681,234,28.653,81.033,91.976,-19.251,5.647
s30,main,24.990,50.451,399,4,24514,0.327,39.082,35.250,42.913,74.860,9.098,33.076,38.025,19.801,42.174,38.025,19.801,80.199,35.194,15.831,19.929,0.434,0.741,0.575,1.707,6.063,957,788,27.568,20.290,85.799,-47.794,9.804
s31,main,24.990,36.736,244,7,5871,0.327,16.024,14.211,17.837,29.659,11.583,39.646,9.981,38.791,51.229,9.981,38.791,61.209,45.693,18.443,25.492,0.416,0.713,0.578,2.178,5.765,319,242,5.020,40.572,42.249,-45.974,11.315
s32,main,25.000,54.089,442,2,70953,0.327,103.195,102.485,103.905,149.257,0.824,22.568,52.029,24.578,23.392,52.029,24.578,75.422,20.767,10.649,13.621,0.459,0.678,0.643,0.997,5.832,1773,779,71.133,-1.000,78.633,-30.861,0.688
s33,main,24.990,56.992,475,1,45914,0.327,65.804,,,84.676,26.233,46.973,25.285,1.509,73.206,25.285,1.509,98.491,50.003,21.094,29.260,0.420,0.695,0.599,2.415,5.451,2605,407,49.836,91.838,101.000,-22.288,
s34,main,24.980,45.913,357,5,27873,0.327,49.735,41.332,58.137,73.133,38.873,14.775,36.149,10.203,53.648,36.149,10.203,89.797,48.633,28.512,31.138,0.557,0.848,0.639,2.084,6.583,1638,525,36.446,46.621,94.855,-31.994,16.895
s35,main,24.990,45.345,362,3,30998,0.327,57.854,53.984,61.723,111.680,18.607,21.708,43.887,15.797,40.315,43.887,15.797,84.203,34.608,20.476,23.360,0.551,0.796,0.667,1.524,6.253,1427,1069,43.211,17.192,90.859,-48.197,6.688
s36,main,24.990,45.212,353,3,10041,0.327,18.359,16.085,20.632,43.621,26.169,23.364,41.517,8.950,49.533,41.517,8.950,91.050,55.716,24.865,30.441,0.437,0.748,0.553,2.576,6.649,561,478,6.965,36.333,96.312,-57.913,12.386
s37,main,24.280,58.893,228,14,20034,0.327,56.710,53.211,60.210,154.826,0.809,9.258,12.512,77.421,10.066,12.512,77.421,22.579,21.471,8.705,11.820,0.387,0.674,0.549,1.189,5.801,2158,3150,42.259,-1.000,-1.000,-63.371,6.171
s38,main,24.990,51.586,402,3,126005,0.327,209.078,205.170,212.985,233.728,30.286,62.179,7.209,0.327,92.465,7.209,0.327,99.673,53.170,21.534,30.135,0.406,0.699,0.569,2.453,6.378,10592,686,95.059,101.000,101.000,-10.547,1.869
s39,main,25.010,40.106,321,1,30859,0.327,62.117,,,109.453,1.521,14.712,36.297,47.470,16.233,36.297,47.470,52.530,22.574,11.497,14.012,0.456,0.704,0.624,1.107,5.713,869,729,46.764,-1.000,20.369,-43.248,
s40,main,12.550,46.537,180,3,17031,0.327,60.065,21.757,98.373,129.163,2.674,49.412,33.076,14.838,52.085,33.076,14.838,85.162,19.792,11.476,11.896,0.559,0.903,0.596,1.744,3.285,2980,2518,45.054,42.714,91.544,-53.496,63.777
s41,main,24.990,43.009,348,2,56019,0.327,109.910,94.079,125.741,205.044,10.149,11.353,58.451,20.047,21.502,58.451,20.047,79.953,29.655,16.710,19.411,0.473,0.705,0.621,1.299,6.456,2370,1864,74.949,-1.000,85.429,-46.397,14.404
s42,main,24.980,58.894,475,2,32564,0.327,45.568,38.323,52.814,80.130,13.346,42.021,33.889,10.744,55.367,33.889,10.744,89.256,35.340,18.315,22.227,0.519,0.787,0.642,1.647,5.994,1405,733,32.974,51.147,94.469,-43.132,15.900
s43,main,24.980,60.563,495,2,149442,0.327,193.043,191.960,194.126,215.874,32.677,40.682,24.812,1.830,73.359,24.812,1.830,98.170,49.263,22.865,29.218,0.441,0.726,0.588,2.265,6.204,11334,846,93.219,91.965,101.000,-10.576,0.561
s44,main,25.010,39.672,281,6,13856,0.327,32.555,26.847,38.263,40.130,36.874,32.508,19.423,11.195,69.382,19.423,11.195,88.805,45.658,23.096,27.708,0.495,0.780,0.605,2.117,5.985,958,196,21.309,86.966,94.146,-18.876,17.533
s45,main,25.000,53.321,383,4,2422,0.327,4.078,3.486,4.670,30.475,4.543,8.716,10.235,76.505,13.259,10.235,76.505,23.495,29.959,13.791,16.925,0.482,0.790,0.614,1.482,5.789,122,831,-1.000,-1.000,-1.000,-86.620,14.519
s46,main,24.990,30.328,242,3,8923,0.327,24.546,19.611,29.480,96.760,1.458,34.274,13.920,50.349,35.732,13.920,50.349,49.651,19.179,11.895,14.299,0.579,0.758,0.738,0.797,6.605,257,765,12.727,9.776,14.971,-74.633,20.105
s48,main,25.000,35.367,257,5,36119,0.327,91.090,87.566,94.614,106.754,37.158,40.288,18.784,3.770,77.446,18.784,3.770,96.230,54.345,24.917,30.885,0.454,0.766,0.574,2.529,6.237,2992,364,64.256,95.279,101.000,-14.673,3.869
s49,main,24.990,74.546,539,10,13736,0.327,17.279,15.067,19.492,47.317,0.375,15.637,16.460,67.528,16.012,16.460,67.528,32.472,25.506,10.459,16.367,0.437,0.692,0.633,1.211,5.395,569,933,6.066,-1.000,-1.000,-63.482,12.805
s50,main,24.990,49.783,402,3,120089,0.327,199.251,186.074,212.428,232.558,25.334,42.069,28.879,3.718,67.403,28.879,3.718,96.282,33.940,20.051,23.572,0.559,0.791,0.680,1.411,6.713,8480,913,93.958,83.255,101.000,-14.322,6.613
s51,main,24.980,62.932,495,3,43393,0.327,56.988,49.644,64.331,141.153,1.609,31.334,41.495,25.562,32.943,41.495,25.562,74.438,24.314,12.539,14.904,0.479,0.761,0.607,1.200,6.066,1497,2254,42.490,7.452,77.158,-59.627,12.886
s52,main,24.990,62.064,452,7,14803,0.327,22.035,19.590,24.479,72.072,0.462,15.521,26.466,57.550,15.984,26.466,57.550,42.450,24.359,10.085,15.324,0.399,0.627,0.622,1.194,5.253,430,960,10.037,-1.000,5.450,-69.427,11.094
s53,main,25.020,32.531,272,1,46902,0.327,117.686,,,130.857,37.821,39.761,21.322,1.096,77.582,21.322,1.096,98.904,60.247,24.542,31.500,0.403,0.749,0.528,2.894,6.085,3445,195,77.059,95.364,101.000,-10.065,
s54,main,24.990,38.738,307,3,31585,0.327,68.671,62.522,74.820,96.481,37.958,20.617,35.874,5.551,58.574,35.874,5.551,94.449,53.021,25.858,30.651,0.475,0.791,0.583,2.483,6.046,2043,517,51.518,61.170,101.000,-28.824,8.954
s55,main,24.990,62.665,522,1,18956,0.330,16.655,,,29.273,30.345,33.296,34.378,1.981,63.641,34.378,1.981,98.019,39.558,23.224,27.755,0.586,0.815,0.710,1.675,6.274,763,365,5.546,76.201,101.000,-43.104,
